<?xml version="1.0" encoding="UTF-8"?>
<project-private xmlns="http://www.netbeans.org/ns/project-private/1">
    <editor-bookmarks xmlns="http://www.netbeans.org/ns/editor-bookmarks/2" lastBookmarkId="0"/>
    <open-files xmlns="http://www.netbeans.org/ns/projectui-open-files/2">
        <group>
            <file>file:/C:/Users/endang.akhiri/Documents/NetBeansProjects/Nurakhiriweb/src/java/com/nurakhiriweb/account/web/UserController.java</file>
            <file>file:/C:/Users/endang.akhiri/Documents/NetBeansProjects/Nurakhiriweb/web/redirect.jsp</file>
            <file>file:/C:/Users/endang.akhiri/Documents/NetBeansProjects/Nurakhiriweb/src/java/com/nurakhiriweb/account/service/UserService.java</file>
            <file>file:/C:/Users/endang.akhiri/Documents/NetBeansProjects/Nurakhiriweb/web/WEB-INF/appconfig-security.xml</file>
            <file>file:/C:/Users/endang.akhiri/Documents/NetBeansProjects/Nurakhiriweb/src/java/hibernate.cfg.xml</file>
            <file>file:/C:/Users/endang.akhiri/Documents/NetBeansProjects/Nurakhiriweb/src/java/com/nurakhiriweb/account/service/UserDetailsServiceImpl.java</file>
            <file>file:/C:/Users/endang.akhiri/Documents/NetBeansProjects/Nurakhiriweb/web/WEB-INF/login.jsp</file>
            <file>file:/C:/Users/endang.akhiri/Documents/NetBeansProjects/Nurakhiriweb/web/WEB-INF/web.xml</file>
            <file>file:/C:/Users/endang.akhiri/Documents/NetBeansProjects/Nurakhiriweb/web/WEB-INF/application.properties</file>
            <file>file:/C:/Users/endang.akhiri/Documents/NetBeansProjects/Nurakhiriweb/web/WEB-INF/appconfig-mvc.xml</file>
            <file>file:/C:/Users/endang.akhiri/Documents/NetBeansProjects/Nurakhiriweb/web/WEB-INF/validation.xml</file>
            <file>file:/C:/Users/endang.akhiri/Documents/NetBeansProjects/Nurakhiriweb/src/java/com/nurakhiriweb/account/repository/UserRepository.java</file>
            <file>file:/C:/Users/endang.akhiri/Documents/NetBeansProjects/Nurakhiriweb/src/java/com/nurakhiriweb/account/repository/RoleRepository.java</file>
            <file>file:/C:/Users/endang.akhiri/Documents/NetBeansProjects/Nurakhiriweb/web/WEB-INF/registrasi.jsp</file>
            <file>file:/C:/Users/endang.akhiri/Documents/NetBeansProjects/Nurakhiriweb/src/java/com/nurakhiriweb/account/service/UserServiceImpl.java</file>
            <file>file:/C:/Users/endang.akhiri/Documents/NetBeansProjects/Nurakhiriweb/web/WEB-INF/applicationContext.xml</file>
            <file>file:/C:/Users/endang.akhiri/Documents/NetBeansProjects/Nurakhiriweb/web/WEB-INF/validation.properties</file>
            <file>file:/C:/Users/endang.akhiri/Documents/NetBeansProjects/Nurakhiriweb/src/java/com/myapp/struts/ApplicationResource.properties</file>
            <file>file:/C:/Users/endang.akhiri/Documents/NetBeansProjects/Nurakhiriweb/web/WEB-INF/appconfig-root.xml</file>
            <file>file:/C:/Users/endang.akhiri/Documents/NetBeansProjects/Nurakhiriweb/web/index.jsp</file>
            <file>file:/C:/Users/endang.akhiri/Documents/NetBeansProjects/Nurakhiriweb/src/java/com/nurakhiriweb/account/model/User.java</file>
            <file>file:/C:/Users/endang.akhiri/Documents/NetBeansProjects/Nurakhiriweb/src/java/com/nurakhiriweb/account/service/SecurityService.java</file>
            <file>file:/C:/Users/endang.akhiri/Documents/NetBeansProjects/Nurakhiriweb/web/WEB-INF/appconfig-data.xml</file>
            <file>file:/C:/Users/endang.akhiri/Documents/NetBeansProjects/Nurakhiriweb/web/index.xhtml</file>
            <file>file:/C:/Users/endang.akhiri/Documents/NetBeansProjects/Nurakhiriweb/nbproject/build-impl.xml</file>
            <file>file:/C:/Users/endang.akhiri/Documents/NetBeansProjects/Nurakhiriweb/web/welcomeStruts.jsp</file>
            <file>file:/C:/Users/endang.akhiri/Documents/NetBeansProjects/Nurakhiriweb/src/java/com/nurakhiriweb/account/service/SecurityServiceImpl.java</file>
            <file>file:/C:/Users/endang.akhiri/Documents/NetBeansProjects/Nurakhiriweb/web/WEB-INF/jsp/index.jsp</file>
            <file>file:/C:/Users/endang.akhiri/Documents/NetBeansProjects/Nurakhiriweb/web/WEB-INF/welcome.jsp</file>
            <file>file:/C:/Users/endang.akhiri/Documents/NetBeansProjects/Nurakhiriweb/web/WEB-INF/pom.xml</file>
            <file>file:/C:/Users/endang.akhiri/Documents/NetBeansProjects/Nurakhiriweb/web/WEB-INF/dispatcher-servlet.xml</file>
            <file>file:/C:/Users/endang.akhiri/Documents/NetBeansProjects/Nurakhiriweb/src/java/com/nurakhiriweb/account/validator/UserValidator.java</file>
            <file>file:/C:/Users/endang.akhiri/Documents/NetBeansProjects/Nurakhiriweb/src/java/com/nurakhiriweb/account/model/Role.java</file>
        </group>
    </open-files>
</project-private>
